process,actor,category,iteration,time_ms
key_generate,CO,off-chain,1,1.614875
key_generate,CO,off-chain,2,2.012417
key_generate,CO,off-chain,3,1.650583
key_generate,CO,off-chain,4,2.096958
key_generate,CO,off-chain,5,1.359084
key_generate,CO,off-chain,6,1.380084
key_generate,CO,off-chain,7,1.741542
key_generate,CO,off-chain,8,1.742958
key_generate,CO,off-chain,9,2.270791
key_generate,CO,off-chain,10,1.665958
key_generate,CO,off-chain,11,1.700958
key_generate,CO,off-chain,12,1.598709
key_generate,CO,off-chain,13,1.85775
key_generate,CO,off-chain,14,1.561958
key_generate,CO,off-chain,15,1.916417
key_generate,CO,off-chain,16,1.5415
key_generate,CO,off-chain,17,1.460333
key_generate,CO,off-chain,18,1.596583
key_generate,CO,off-chain,19,1.716458
key_generate,CO,off-chain,20,1.631792
key_generate,CO,off-chain,21,1.650625
key_generate,CO,off-chain,22,1.704375
key_generate,CO,off-chain,23,2.262083
key_generate,CO,off-chain,24,1.382542
key_generate,CO,off-chain,25,1.384959
key_generate,CO,off-chain,26,1.415541
key_generate,CO,off-chain,27,1.545917
key_generate,CO,off-chain,28,1.447333
key_generate,CO,off-chain,29,2.000125
key_generate,CO,off-chain,30,2.126542
key_generate,CO,off-chain,31,1.295208
key_generate,CO,off-chain,32,1.4755
key_generate,CO,off-chain,33,1.602583
key_generate,CO,off-chain,34,1.916125
key_generate,CO,off-chain,35,2.023333
key_generate,CO,off-chain,36,1.791041
key_generate,CO,off-chain,37,1.534459
key_generate,CO,off-chain,38,1.512125
key_generate,CO,off-chain,39,1.479125
key_generate,CO,off-chain,40,1.66275
key_generate,CO,off-chain,41,1.53375
key_generate,CO,off-chain,42,1.608
key_generate,CO,off-chain,43,1.866125
key_generate,CO,off-chain,44,2.00925
key_generate,CO,off-chain,45,2.360125
key_generate,CO,off-chain,46,1.746459
key_generate,CO,off-chain,47,1.90075
key_generate,CO,off-chain,48,1.802667
key_generate,CO,off-chain,49,1.584
key_generate,CO,off-chain,50,1.345791
key_generate,CO,off-chain,51,1.625291
key_generate,CO,off-chain,52,1.7125
key_generate,CO,off-chain,53,2.477709
key_generate,CO,off-chain,54,2.035958
key_generate,CO,off-chain,55,1.474709
key_generate,CO,off-chain,56,1.402916
key_generate,CO,off-chain,57,1.442875
key_generate,CO,off-chain,58,1.4265
key_generate,CO,off-chain,59,1.852167
key_generate,CO,off-chain,60,1.39025
key_generate,CO,off-chain,61,1.507875
key_generate,CO,off-chain,62,1.616875
key_generate,CO,off-chain,63,2.011083
key_generate,CO,off-chain,64,2.231041
key_generate,CO,off-chain,65,1.537542
key_generate,CO,off-chain,66,2.595125
key_generate,CO,off-chain,67,2.165333
key_generate,CO,off-chain,68,1.410916
key_generate,CO,off-chain,69,1.408209
key_generate,CO,off-chain,70,1.599625
key_generate,CO,off-chain,71,1.99925
key_generate,CO,off-chain,72,2.550208
key_generate,CO,off-chain,73,1.483833
key_generate,CO,off-chain,74,1.822792
key_generate,CO,off-chain,75,1.62525
key_generate,CO,off-chain,76,1.906125
key_generate,CO,off-chain,77,1.74375
key_generate,CO,off-chain,78,1.550375
key_generate,CO,off-chain,79,1.71125
key_generate,CO,off-chain,80,1.548
key_generate,CO,off-chain,81,2.093417
key_generate,CO,off-chain,82,1.952958
key_generate,CO,off-chain,83,1.457459
key_generate,CO,off-chain,84,1.595709
key_generate,CO,off-chain,85,1.532584
key_generate,CO,off-chain,86,1.608041
key_generate,CO,off-chain,87,1.777958
key_generate,CO,off-chain,88,1.583375
key_generate,CO,off-chain,89,1.67325
key_generate,CO,off-chain,90,1.390958
key_generate,CO,off-chain,91,2.044083
key_generate,CO,off-chain,92,1.902417
key_generate,CO,off-chain,93,1.582375
key_generate,CO,off-chain,94,1.980792
key_generate,CO,off-chain,95,2.552125
key_generate,CO,off-chain,96,2.545
key_generate,CO,off-chain,97,1.396792
key_generate,CO,off-chain,98,1.688042
key_generate,CO,off-chain,99,1.813167
key_generate,CO,off-chain,100,1.999375
encrypt,CO,off-chain,1,4.415875
encrypt,CO,off-chain,2,4.498209
encrypt,CO,off-chain,3,3.794541
encrypt,CO,off-chain,4,4.550458
encrypt,CO,off-chain,5,4.496042
encrypt,CO,off-chain,6,3.89375
encrypt,CO,off-chain,7,3.987875
encrypt,CO,off-chain,8,4.364292
encrypt,CO,off-chain,9,4.042708
encrypt,CO,off-chain,10,3.548375
encrypt,CO,off-chain,11,3.536583
encrypt,CO,off-chain,12,4.006167
encrypt,CO,off-chain,13,9.651292
encrypt,CO,off-chain,14,4.071042
encrypt,CO,off-chain,15,4.108208
encrypt,CO,off-chain,16,3.880833
encrypt,CO,off-chain,17,3.790167
encrypt,CO,off-chain,18,3.727875
encrypt,CO,off-chain,19,4.035
encrypt,CO,off-chain,20,3.929292
encrypt,CO,off-chain,21,4.13175
encrypt,CO,off-chain,22,3.838667
encrypt,CO,off-chain,23,4.062625
encrypt,CO,off-chain,24,3.950208
encrypt,CO,off-chain,25,3.839375
encrypt,CO,off-chain,26,3.535583
encrypt,CO,off-chain,27,3.844
encrypt,CO,off-chain,28,4.185541
encrypt,CO,off-chain,29,4.144167
encrypt,CO,off-chain,30,3.98475
encrypt,CO,off-chain,31,3.935334
encrypt,CO,off-chain,32,4.083
encrypt,CO,off-chain,33,4.302541
encrypt,CO,off-chain,34,3.676666
encrypt,CO,off-chain,35,3.589167
encrypt,CO,off-chain,36,4.121542
encrypt,CO,off-chain,37,3.868917
encrypt,CO,off-chain,38,4.196875
encrypt,CO,off-chain,39,3.9385
encrypt,CO,off-chain,40,3.9585
encrypt,CO,off-chain,41,3.895458
encrypt,CO,off-chain,42,3.857208
encrypt,CO,off-chain,43,3.59225
encrypt,CO,off-chain,44,3.842583
encrypt,CO,off-chain,45,3.938209
encrypt,CO,off-chain,46,3.926125
encrypt,CO,off-chain,47,3.924167
encrypt,CO,off-chain,48,4.022625
encrypt,CO,off-chain,49,3.959458
encrypt,CO,off-chain,50,3.973209
encrypt,CO,off-chain,51,3.658041
encrypt,CO,off-chain,52,3.558
encrypt,CO,off-chain,53,4.047709
encrypt,CO,off-chain,54,3.863375
encrypt,CO,off-chain,55,4.199042
encrypt,CO,off-chain,56,3.953833
encrypt,CO,off-chain,57,3.554375
encrypt,CO,off-chain,58,3.993583
encrypt,CO,off-chain,59,4.2695
encrypt,CO,off-chain,60,4.077375
encrypt,CO,off-chain,61,4.3535
encrypt,CO,off-chain,62,3.78625
encrypt,CO,off-chain,63,4.300792
encrypt,CO,off-chain,64,3.897083
encrypt,CO,off-chain,65,4.188792
encrypt,CO,off-chain,66,3.957792
encrypt,CO,off-chain,67,4.077208
encrypt,CO,off-chain,68,3.755292
encrypt,CO,off-chain,69,3.777958
encrypt,CO,off-chain,70,4.238333
encrypt,CO,off-chain,71,4.172375
encrypt,CO,off-chain,72,3.883
encrypt,CO,off-chain,73,4.045583
encrypt,CO,off-chain,74,4.041041
encrypt,CO,off-chain,75,3.806458
encrypt,CO,off-chain,76,3.712334
encrypt,CO,off-chain,77,3.707417
encrypt,CO,off-chain,78,4.135417
encrypt,CO,off-chain,79,3.896208
encrypt,CO,off-chain,80,4.123792
encrypt,CO,off-chain,81,4.181125
encrypt,CO,off-chain,82,4.201875
encrypt,CO,off-chain,83,4.245834
encrypt,CO,off-chain,84,4.254833
encrypt,CO,off-chain,85,3.86525
encrypt,CO,off-chain,86,3.912459
encrypt,CO,off-chain,87,4.3075
encrypt,CO,off-chain,88,5.1185
encrypt,CO,off-chain,89,4.281875
encrypt,CO,off-chain,90,4.193084
encrypt,CO,off-chain,91,4.349917
encrypt,CO,off-chain,92,4.313542
encrypt,CO,off-chain,93,4.050667
encrypt,CO,off-chain,94,4.209667
encrypt,CO,off-chain,95,4.297042
encrypt,CO,off-chain,96,4.592583
encrypt,CO,off-chain,97,4.039209
encrypt,CO,off-chain,98,4.481333
encrypt,CO,off-chain,99,4.54625
encrypt,CO,off-chain,100,3.7375
rekey_generate,SP,off-chain,1,0.05225
rekey_generate,SP,off-chain,2,0.053166
rekey_generate,SP,off-chain,3,0.049875
rekey_generate,SP,off-chain,4,0.049083
rekey_generate,SP,off-chain,5,0.048625
rekey_generate,SP,off-chain,6,0.088
rekey_generate,SP,off-chain,7,0.112291
rekey_generate,SP,off-chain,8,0.051458
rekey_generate,SP,off-chain,9,0.048375
rekey_generate,SP,off-chain,10,0.049084
rekey_generate,SP,off-chain,11,0.080417
rekey_generate,SP,off-chain,12,0.079958
rekey_generate,SP,off-chain,13,0.051166
rekey_generate,SP,off-chain,14,0.047958
rekey_generate,SP,off-chain,15,0.049292
rekey_generate,SP,off-chain,16,0.048041
rekey_generate,SP,off-chain,17,0.069875
rekey_generate,SP,off-chain,18,0.079458
rekey_generate,SP,off-chain,19,0.063542
rekey_generate,SP,off-chain,20,0.055166
rekey_generate,SP,off-chain,21,0.054375
rekey_generate,SP,off-chain,22,0.05175
rekey_generate,SP,off-chain,23,0.052542
rekey_generate,SP,off-chain,24,0.069791
rekey_generate,SP,off-chain,25,0.081833
rekey_generate,SP,off-chain,26,0.067833
rekey_generate,SP,off-chain,27,0.058625
rekey_generate,SP,off-chain,28,0.055125
rekey_generate,SP,off-chain,29,0.054084
rekey_generate,SP,off-chain,30,0.060208
rekey_generate,SP,off-chain,31,0.093583
rekey_generate,SP,off-chain,32,0.059375
rekey_generate,SP,off-chain,33,0.079541
rekey_generate,SP,off-chain,34,0.065083
rekey_generate,SP,off-chain,35,0.058625
rekey_generate,SP,off-chain,36,0.063041
rekey_generate,SP,off-chain,37,0.059791
rekey_generate,SP,off-chain,38,0.056708
rekey_generate,SP,off-chain,39,0.053125
rekey_generate,SP,off-chain,40,0.053333
rekey_generate,SP,off-chain,41,0.062042
rekey_generate,SP,off-chain,42,0.06975
rekey_generate,SP,off-chain,43,0.062708
rekey_generate,SP,off-chain,44,0.070291
rekey_generate,SP,off-chain,45,0.063958
rekey_generate,SP,off-chain,46,0.055459
rekey_generate,SP,off-chain,47,0.053916
rekey_generate,SP,off-chain,48,0.060291
rekey_generate,SP,off-chain,49,0.055709
rekey_generate,SP,off-chain,50,0.05325
rekey_generate,SP,off-chain,51,0.065375
rekey_generate,SP,off-chain,52,0.063291
rekey_generate,SP,off-chain,53,0.0595
rekey_generate,SP,off-chain,54,0.053875
rekey_generate,SP,off-chain,55,0.060125
rekey_generate,SP,off-chain,56,0.060791
rekey_generate,SP,off-chain,57,0.061125
rekey_generate,SP,off-chain,58,0.061125
rekey_generate,SP,off-chain,59,0.048667
rekey_generate,SP,off-chain,60,0.045375
rekey_generate,SP,off-chain,61,0.047541
rekey_generate,SP,off-chain,62,0.0555
rekey_generate,SP,off-chain,63,0.05225
rekey_generate,SP,off-chain,64,0.075167
rekey_generate,SP,off-chain,65,0.120167
rekey_generate,SP,off-chain,66,0.062208
rekey_generate,SP,off-chain,67,0.070583
rekey_generate,SP,off-chain,68,0.077541
rekey_generate,SP,off-chain,69,0.060541
rekey_generate,SP,off-chain,70,0.062209
rekey_generate,SP,off-chain,71,0.074167
rekey_generate,SP,off-chain,72,0.062917
rekey_generate,SP,off-chain,73,0.067917
rekey_generate,SP,off-chain,74,0.066666
rekey_generate,SP,off-chain,75,0.055708
rekey_generate,SP,off-chain,76,0.10775
rekey_generate,SP,off-chain,77,0.057458
rekey_generate,SP,off-chain,78,0.275584
rekey_generate,SP,off-chain,79,0.176042
rekey_generate,SP,off-chain,80,0.0975
rekey_generate,SP,off-chain,81,0.099833
rekey_generate,SP,off-chain,82,0.0645
rekey_generate,SP,off-chain,83,0.065417
rekey_generate,SP,off-chain,84,0.047667
rekey_generate,SP,off-chain,85,0.068417
rekey_generate,SP,off-chain,86,0.234709
rekey_generate,SP,off-chain,87,0.1445
rekey_generate,SP,off-chain,88,0.108916
rekey_generate,SP,off-chain,89,0.06125
rekey_generate,SP,off-chain,90,0.065541
rekey_generate,SP,off-chain,91,0.061458
rekey_generate,SP,off-chain,92,0.051292
rekey_generate,SP,off-chain,93,0.048917
rekey_generate,SP,off-chain,94,0.07025
rekey_generate,SP,off-chain,95,0.061666
rekey_generate,SP,off-chain,96,0.051292
rekey_generate,SP,off-chain,97,0.047542
rekey_generate,SP,off-chain,98,0.04725
rekey_generate,SP,off-chain,99,0.046541
rekey_generate,SP,off-chain,100,0.048083
zkp_proof_gen,SP,off-chain,1,0.859584
zkp_proof_gen,SP,off-chain,2,0.8235
zkp_proof_gen,SP,off-chain,3,1.190166
zkp_proof_gen,SP,off-chain,4,1.732917
zkp_proof_gen,SP,off-chain,5,0.896792
zkp_proof_gen,SP,off-chain,6,0.755375
zkp_proof_gen,SP,off-chain,7,1.20375
zkp_proof_gen,SP,off-chain,8,0.973125
zkp_proof_gen,SP,off-chain,9,0.872833
zkp_proof_gen,SP,off-chain,10,0.656708
zkp_proof_gen,SP,off-chain,11,0.688375
zkp_proof_gen,SP,off-chain,12,0.905042
zkp_proof_gen,SP,off-chain,13,0.627
zkp_proof_gen,SP,off-chain,14,0.721625
zkp_proof_gen,SP,off-chain,15,1.210209
zkp_proof_gen,SP,off-chain,16,1.364834
zkp_proof_gen,SP,off-chain,17,1.10675
zkp_proof_gen,SP,off-chain,18,1.516333
zkp_proof_gen,SP,off-chain,19,1.025208
zkp_proof_gen,SP,off-chain,20,1.259209
zkp_proof_gen,SP,off-chain,21,2.158875
zkp_proof_gen,SP,off-chain,22,1.373375
zkp_proof_gen,SP,off-chain,23,0.826542
zkp_proof_gen,SP,off-chain,24,0.767
zkp_proof_gen,SP,off-chain,25,0.827667
zkp_proof_gen,SP,off-chain,26,0.777542
zkp_proof_gen,SP,off-chain,27,0.974625
zkp_proof_gen,SP,off-chain,28,0.750833
zkp_proof_gen,SP,off-chain,29,0.77275
zkp_proof_gen,SP,off-chain,30,1.8775
zkp_proof_gen,SP,off-chain,31,1.318041
zkp_proof_gen,SP,off-chain,32,0.885875
zkp_proof_gen,SP,off-chain,33,0.825667
zkp_proof_gen,SP,off-chain,34,0.775625
zkp_proof_gen,SP,off-chain,35,1.064708
zkp_proof_gen,SP,off-chain,36,0.847834
zkp_proof_gen,SP,off-chain,37,0.884834
zkp_proof_gen,SP,off-chain,38,0.880791
zkp_proof_gen,SP,off-chain,39,1.049167
zkp_proof_gen,SP,off-chain,40,0.983625
zkp_proof_gen,SP,off-chain,41,0.777458
zkp_proof_gen,SP,off-chain,42,0.796625
zkp_proof_gen,SP,off-chain,43,0.908
zkp_proof_gen,SP,off-chain,44,0.979417
zkp_proof_gen,SP,off-chain,45,0.836625
zkp_proof_gen,SP,off-chain,46,0.859041
zkp_proof_gen,SP,off-chain,47,1.652792
zkp_proof_gen,SP,off-chain,48,0.941083
zkp_proof_gen,SP,off-chain,49,0.718208
zkp_proof_gen,SP,off-chain,50,0.778
zkp_proof_gen,SP,off-chain,51,0.946458
zkp_proof_gen,SP,off-chain,52,0.73275
zkp_proof_gen,SP,off-chain,53,0.72975
zkp_proof_gen,SP,off-chain,54,0.924084
zkp_proof_gen,SP,off-chain,55,0.745375
zkp_proof_gen,SP,off-chain,56,0.828375
zkp_proof_gen,SP,off-chain,57,0.835417
zkp_proof_gen,SP,off-chain,58,0.823167
zkp_proof_gen,SP,off-chain,59,0.863583
zkp_proof_gen,SP,off-chain,60,0.808875
zkp_proof_gen,SP,off-chain,61,0.888208
zkp_proof_gen,SP,off-chain,62,0.79825
zkp_proof_gen,SP,off-chain,63,0.829541
zkp_proof_gen,SP,off-chain,64,0.902916
zkp_proof_gen,SP,off-chain,65,0.710041
zkp_proof_gen,SP,off-chain,66,1.033167
zkp_proof_gen,SP,off-chain,67,1.206584
zkp_proof_gen,SP,off-chain,68,0.812375
zkp_proof_gen,SP,off-chain,69,1.008375
zkp_proof_gen,SP,off-chain,70,0.858583
zkp_proof_gen,SP,off-chain,71,0.86975
zkp_proof_gen,SP,off-chain,72,0.825208
zkp_proof_gen,SP,off-chain,73,0.873834
zkp_proof_gen,SP,off-chain,74,0.781
zkp_proof_gen,SP,off-chain,75,0.84375
zkp_proof_gen,SP,off-chain,76,0.807125
zkp_proof_gen,SP,off-chain,77,0.801083
zkp_proof_gen,SP,off-chain,78,0.950166
zkp_proof_gen,SP,off-chain,79,0.840583
zkp_proof_gen,SP,off-chain,80,0.795417
zkp_proof_gen,SP,off-chain,81,0.764875
zkp_proof_gen,SP,off-chain,82,0.888
zkp_proof_gen,SP,off-chain,83,0.884958
zkp_proof_gen,SP,off-chain,84,0.786917
zkp_proof_gen,SP,off-chain,85,0.85
zkp_proof_gen,SP,off-chain,86,1.352125
zkp_proof_gen,SP,off-chain,87,0.92425
zkp_proof_gen,SP,off-chain,88,0.815792
zkp_proof_gen,SP,off-chain,89,0.913916
zkp_proof_gen,SP,off-chain,90,0.715917
zkp_proof_gen,SP,off-chain,91,0.70925
zkp_proof_gen,SP,off-chain,92,0.955667
zkp_proof_gen,SP,off-chain,93,0.73025
zkp_proof_gen,SP,off-chain,94,0.97225
zkp_proof_gen,SP,off-chain,95,0.911792
zkp_proof_gen,SP,off-chain,96,0.831667
zkp_proof_gen,SP,off-chain,97,1.036333
zkp_proof_gen,SP,off-chain,98,0.81175
zkp_proof_gen,SP,off-chain,99,0.762917
zkp_proof_gen,SP,off-chain,100,0.755542
redecrypt,User,off-chain,1,30.438459
redecrypt,User,off-chain,2,30.525416
redecrypt,User,off-chain,3,30.554542
redecrypt,User,off-chain,4,31.535917
redecrypt,User,off-chain,5,36.482083
redecrypt,User,off-chain,6,29.640792
redecrypt,User,off-chain,7,30.798083
redecrypt,User,off-chain,8,30.130417
redecrypt,User,off-chain,9,31.139458
redecrypt,User,off-chain,10,30.390458
redecrypt,User,off-chain,11,29.978958
redecrypt,User,off-chain,12,34.054166
redecrypt,User,off-chain,13,29.8225
redecrypt,User,off-chain,14,32.865916
redecrypt,User,off-chain,15,31.321417
redecrypt,User,off-chain,16,31.738958
redecrypt,User,off-chain,17,31.902208
redecrypt,User,off-chain,18,31.44625
redecrypt,User,off-chain,19,31.322208
redecrypt,User,off-chain,20,31.289667
redecrypt,User,off-chain,21,30.673
redecrypt,User,off-chain,22,32.144875
redecrypt,User,off-chain,23,30.061792
redecrypt,User,off-chain,24,32.898875
redecrypt,User,off-chain,25,31.206792
redecrypt,User,off-chain,26,30.954125
redecrypt,User,off-chain,27,32.578
redecrypt,User,off-chain,28,32.923542
redecrypt,User,off-chain,29,33.59825
redecrypt,User,off-chain,30,32.983542
redecrypt,User,off-chain,31,33.647958
redecrypt,User,off-chain,32,31.293291
redecrypt,User,off-chain,33,32.767625
redecrypt,User,off-chain,34,32.584458
redecrypt,User,off-chain,35,30.825958
redecrypt,User,off-chain,36,32.242875
redecrypt,User,off-chain,37,31.921583
redecrypt,User,off-chain,38,30.793959
redecrypt,User,off-chain,39,30.07625
redecrypt,User,off-chain,40,33.628209
redecrypt,User,off-chain,41,44.3505
redecrypt,User,off-chain,42,76.659083
redecrypt,User,off-chain,43,41.227667
redecrypt,User,off-chain,44,48.430959
redecrypt,User,off-chain,45,32.928333
redecrypt,User,off-chain,46,28.223833
redecrypt,User,off-chain,47,28.451
redecrypt,User,off-chain,48,28.90375
redecrypt,User,off-chain,49,27.850542
redecrypt,User,off-chain,50,29.089917
redecrypt,User,off-chain,51,29.830833
redecrypt,User,off-chain,52,29.82325
redecrypt,User,off-chain,53,29.192667
redecrypt,User,off-chain,54,28.509042
redecrypt,User,off-chain,55,27.895625
redecrypt,User,off-chain,56,28.668917
redecrypt,User,off-chain,57,27.959417
redecrypt,User,off-chain,58,29.392292
redecrypt,User,off-chain,59,26.703166
redecrypt,User,off-chain,60,27.413
redecrypt,User,off-chain,61,29.485792
redecrypt,User,off-chain,62,27.415209
redecrypt,User,off-chain,63,27.566042
redecrypt,User,off-chain,64,27.267708
redecrypt,User,off-chain,65,28.79825
redecrypt,User,off-chain,66,39.603
redecrypt,User,off-chain,67,29.761625
redecrypt,User,off-chain,68,27.976125
redecrypt,User,off-chain,69,27.653916
redecrypt,User,off-chain,70,27.181667
redecrypt,User,off-chain,71,27.208083
redecrypt,User,off-chain,72,29.639208
redecrypt,User,off-chain,73,27.941625
redecrypt,User,off-chain,74,27.841333
redecrypt,User,off-chain,75,30.954917
redecrypt,User,off-chain,76,28.025583
redecrypt,User,off-chain,77,27.9605
redecrypt,User,off-chain,78,27.537292
redecrypt,User,off-chain,79,28.77675
redecrypt,User,off-chain,80,28.203
redecrypt,User,off-chain,81,28.538666
redecrypt,User,off-chain,82,29.048333
redecrypt,User,off-chain,83,30.485791
redecrypt,User,off-chain,84,29.548541
redecrypt,User,off-chain,85,28.842125
redecrypt,User,off-chain,86,30.356875
redecrypt,User,off-chain,87,28.254125
redecrypt,User,off-chain,88,28.689792
redecrypt,User,off-chain,89,28.265875
redecrypt,User,off-chain,90,29.508167
redecrypt,User,off-chain,91,28.987625
redecrypt,User,off-chain,92,29.452583
redecrypt,User,off-chain,93,29.828875
redecrypt,User,off-chain,94,30.898625
redecrypt,User,off-chain,95,30.328334
redecrypt,User,off-chain,96,29.894125
redecrypt,User,off-chain,97,29.661083
redecrypt,User,off-chain,98,29.179709
redecrypt,User,off-chain,99,29.096625
redecrypt,User,off-chain,100,29.075291
reencrypt_tx,SP,on-chain,1,6579.542
reencrypt_tx,SP,on-chain,2,10143.694
reencrypt_tx,SP,on-chain,3,23480.142
reencrypt_tx,SP,on-chain,4,11642.401
reencrypt_tx,SP,on-chain,5,11220.076
